fixture,method,event_index,kind,alpha,source
planar_l,CURRENT_RAIL_CHART,0,MERGE:boundary_0|boundary_1,0.0,PL_LABELED_FIELD
planar_l,CURRENT_RAIL_CHART,1,MERGE:boundary_0|boundary_5,0.0,PL_LABELED_FIELD
planar_l,CURRENT_RAIL_CHART,2,MERGE:boundary_1|boundary_2,0.0,PL_LABELED_FIELD
planar_l,CURRENT_RAIL_CHART,3,MERGE:boundary_2|boundary_3,0.0,PL_LABELED_FIELD
planar_l,CURRENT_RAIL_CHART,4,MERGE:boundary_3|boundary_4,0.0,PL_LABELED_FIELD
planar_l,CURRENT_RAIL_CHART,5,MERGE:boundary_4|boundary_5,0.0,PL_LABELED_FIELD
planar_l,CURRENT_RAIL_CHART,6,FREEZE,0.4999999999999999,PL_LABELED_FIELD
planar_l,CURRENT_RAIL_CHART,7,FREEZE,0.4999999999999999,PL_LABELED_FIELD
planar_l,CURRENT_RAIL_CHART,8,FREEZE,0.9999999999999978,PL_LABELED_FIELD
planar_l,CURRENT_RAIL_CHART,9,FREEZE,1.0,PL_LABELED_FIELD
planar_l,CURRENT_RAIL_CHART,10,FREEZE,1.0,PL_LABELED_FIELD
planar_l,CURRENT_RAIL_CHART,11,MERGE:boundary_0|boundary_2,1.2499999999999987,PL_LABELED_FIELD
planar_l,CURRENT_RAIL_CHART,12,MERGE:boundary_3|boundary_5,1.2499999999999993,PL_LABELED_FIELD
planar_l,CURRENT_RAIL_CHART,13,MERGE:boundary_2|boundary_5,1.309016994374947,PL_LABELED_FIELD
planar_l,CURRENT_RAIL_CHART,14,FREEZE,1.4999999999999996,PL_LABELED_FIELD
planar_l,HEAT,0,MERGE:boundary_0|boundary_1,0.0,PL_LABELED_FIELD
planar_l,HEAT,1,MERGE:boundary_0|boundary_5,0.0,PL_LABELED_FIELD
planar_l,HEAT,2,MERGE:boundary_1|boundary_2,0.0,PL_LABELED_FIELD
planar_l,HEAT,3,MERGE:boundary_2|boundary_3,0.0,PL_LABELED_FIELD
planar_l,HEAT,4,MERGE:boundary_3|boundary_4,0.0,PL_LABELED_FIELD
planar_l,HEAT,5,MERGE:boundary_4|boundary_5,0.0,PL_LABELED_FIELD
planar_l,HEAT,6,MERGE:boundary_3|boundary_5,1.101144461749012,PL_LABELED_FIELD
planar_l,HEAT,7,MERGE:boundary_0|boundary_2,1.1063896773283308,PL_LABELED_FIELD
planar_l,HEAT,8,MERGE:boundary_2|boundary_5,1.123857572520322,PL_LABELED_FIELD
planar_l,HEAT,9,FREEZE,1.3820293280467122,PL_LABELED_FIELD
planar_l,HEAT,10,FREEZE,1.3878678303588972,PL_LABELED_FIELD
planar_l,HEAT,11,FREEZE,1.4436342378711604,PL_LABELED_FIELD
planar_l,FMM,0,MERGE:boundary_0|boundary_1,0.0,PL_LABELED_FIELD
planar_l,FMM,1,MERGE:boundary_0|boundary_5,0.0,PL_LABELED_FIELD
planar_l,FMM,2,MERGE:boundary_1|boundary_2,0.0,PL_LABELED_FIELD
planar_l,FMM,3,MERGE:boundary_2|boundary_3,0.0,PL_LABELED_FIELD
planar_l,FMM,4,MERGE:boundary_3|boundary_4,0.0,PL_LABELED_FIELD
planar_l,FMM,5,MERGE:boundary_4|boundary_5,0.0,PL_LABELED_FIELD
planar_l,FMM,6,FREEZE,0.5,PL_LABELED_FIELD
planar_l,FMM,7,FREEZE,0.5,PL_LABELED_FIELD
planar_l,FMM,8,FREEZE,1.0,PL_LABELED_FIELD
planar_l,FMM,9,FREEZE,1.0,PL_LABELED_FIELD
planar_l,FMM,10,FREEZE,1.0,PL_LABELED_FIELD
planar_l,FMM,11,MERGE:boundary_0|boundary_2,1.25,PL_LABELED_FIELD
planar_l,FMM,12,MERGE:boundary_2|boundary_5,1.25,PL_LABELED_FIELD
planar_l,FMM,13,MERGE:boundary_3|boundary_5,1.25,PL_LABELED_FIELD
planar_l,FMM,14,FREEZE,1.5,PL_LABELED_FIELD
planar_l,FMM,15,FREEZE,1.5,PL_LABELED_FIELD
planar_l,FMM,16,FREEZE,1.5,PL_LABELED_FIELD
planar_l,FMM,17,FREEZE,1.5606601717798214,PL_LABELED_FIELD
planar_l,MMP_EXACT,0,MERGE:boundary_0|boundary_1,0.0,PL_LABELED_FIELD
planar_l,MMP_EXACT,1,MERGE:boundary_0|boundary_5,0.0,PL_LABELED_FIELD
planar_l,MMP_EXACT,2,MERGE:boundary_1|boundary_2,0.0,PL_LABELED_FIELD
planar_l,MMP_EXACT,3,MERGE:boundary_2|boundary_3,0.0,PL_LABELED_FIELD
planar_l,MMP_EXACT,4,MERGE:boundary_3|boundary_4,0.0,PL_LABELED_FIELD
planar_l,MMP_EXACT,5,MERGE:boundary_4|boundary_5,0.0,PL_LABELED_FIELD
planar_l,MMP_EXACT,6,FREEZE,0.49999999999999983,PL_LABELED_FIELD
planar_l,MMP_EXACT,7,FREEZE,0.49999999999999983,PL_LABELED_FIELD
planar_l,MMP_EXACT,8,FREEZE,0.9999999999999998,PL_LABELED_FIELD
planar_l,MMP_EXACT,9,FREEZE,0.9999999999999998,PL_LABELED_FIELD
planar_l,MMP_EXACT,10,FREEZE,0.9999999999999998,PL_LABELED_FIELD
planar_l,MMP_EXACT,11,MERGE:boundary_2|boundary_5,1.2499999999999996,PL_LABELED_FIELD
planar_l,MMP_EXACT,12,MERGE:boundary_3|boundary_5,1.2499999999999996,PL_LABELED_FIELD
planar_l,MMP_EXACT,13,MERGE:boundary_0|boundary_2,1.2499999999999998,PL_LABELED_FIELD
planar_l,MMP_EXACT,14,FREEZE,1.4999999999999998,PL_LABELED_FIELD
planar_l,STRAIGHT_SKELETON_2D,0,SKELETON_NODE,1.5,STRAIGHT_SKELETON_NATIVE
planar_l,STRAIGHT_SKELETON_2D,1,SKELETON_NODE,1.5,STRAIGHT_SKELETON_NATIVE
planar_l,STRAIGHT_SKELETON_2D,2,SKELETON_NODE,1.5,STRAIGHT_SKELETON_NATIVE
planar_tx,CURRENT_RAIL_CHART,0,MERGE:east|north,0.0,PL_LABELED_FIELD
planar_tx,CURRENT_RAIL_CHART,1,MERGE:east|south,0.0,PL_LABELED_FIELD
planar_tx,CURRENT_RAIL_CHART,2,MERGE:north|south,0.0,PL_LABELED_FIELD
planar_tx,CURRENT_RAIL_CHART,3,MERGE:north|west,0.0,PL_LABELED_FIELD
planar_tx,CURRENT_RAIL_CHART,4,MERGE:south|west,0.0,PL_LABELED_FIELD
planar_tx,CURRENT_RAIL_CHART,5,FREEZE,0.49999999999999856,PL_LABELED_FIELD
planar_tx,CURRENT_RAIL_CHART,6,BOUNDARY,0.4999999999999991,PL_LABELED_FIELD
planar_tx,CURRENT_RAIL_CHART,7,FREEZE,0.5,PL_LABELED_FIELD
planar_tx,CURRENT_RAIL_CHART,8,FREEZE,0.9999999999999998,PL_LABELED_FIELD
planar_tx,CURRENT_RAIL_CHART,9,FREEZE,1.0,PL_LABELED_FIELD
planar_tx,CURRENT_RAIL_CHART,10,FREEZE,1.4999999999999987,PL_LABELED_FIELD
planar_tx,CURRENT_RAIL_CHART,11,FREEZE,1.5,PL_LABELED_FIELD
planar_tx,CURRENT_RAIL_CHART,12,FREEZE,1.999999999999999,PL_LABELED_FIELD
planar_tx,CURRENT_RAIL_CHART,13,FREEZE,1.9999999999999991,PL_LABELED_FIELD
planar_tx,CURRENT_RAIL_CHART,14,FREEZE,2.0,PL_LABELED_FIELD
planar_tx,CURRENT_RAIL_CHART,15,FREEZE,2.0000000000000018,PL_LABELED_FIELD
planar_tx,CURRENT_RAIL_CHART,16,FREEZE,2.061552812808829,PL_LABELED_FIELD
planar_tx,CURRENT_RAIL_CHART,17,FREEZE,2.0615528128088303,PL_LABELED_FIELD
planar_tx,CURRENT_RAIL_CHART,18,FREEZE,2.0615528128088303,PL_LABELED_FIELD
planar_tx,CURRENT_RAIL_CHART,19,FREEZE,2.0615528128088303,PL_LABELED_FIELD
planar_tx,HEAT,0,MERGE:east|north,0.0,PL_LABELED_FIELD
planar_tx,HEAT,1,MERGE:east|south,0.0,PL_LABELED_FIELD
planar_tx,HEAT,2,MERGE:east|west,0.0,PL_LABELED_FIELD
planar_tx,HEAT,3,MERGE:south|west,0.0,PL_LABELED_FIELD
planar_tx,HEAT,4,BOUNDARY,0.19235913593304188,PL_LABELED_FIELD
planar_tx,HEAT,5,MERGE:north|west,0.20816115286106185,PL_LABELED_FIELD
planar_tx,HEAT,6,FREEZE,1.8866291543464864,PL_LABELED_FIELD
planar_tx,HEAT,7,FREEZE,1.8866291560150203,PL_LABELED_FIELD
planar_tx,HEAT,8,FREEZE,2.2180432997361206,PL_LABELED_FIELD
planar_tx,HEAT,9,FREEZE,2.2180433011635357,PL_LABELED_FIELD
planar_tx,HEAT,10,FREEZE,2.5990057371880506,PL_LABELED_FIELD
planar_tx,HEAT,11,FREEZE,2.599005737958437,PL_LABELED_FIELD
planar_tx,HEAT,12,FREEZE,2.6406174128347413,PL_LABELED_FIELD
planar_tx,HEAT,13,FREEZE,2.640617413740436,PL_LABELED_FIELD
planar_tx,FMM,0,MERGE:east|north,0.0,PL_LABELED_FIELD
planar_tx,FMM,1,MERGE:east|south,0.0,PL_LABELED_FIELD
planar_tx,FMM,2,MERGE:east|west,0.0,PL_LABELED_FIELD
planar_tx,FMM,3,MERGE:south|west,0.0,PL_LABELED_FIELD
planar_tx,FMM,4,MERGE:north|west,0.25,PL_LABELED_FIELD
planar_tx,FMM,5,BOUNDARY,0.5,PL_LABELED_FIELD
planar_tx,FMM,6,FREEZE,0.5,PL_LABELED_FIELD
planar_tx,FMM,7,FREEZE,0.5,PL_LABELED_FIELD
planar_tx,FMM,8,FREEZE,1.0,PL_LABELED_FIELD
planar_tx,FMM,9,FREEZE,1.0,PL_LABELED_FIELD
planar_tx,FMM,10,FREEZE,1.5,PL_LABELED_FIELD
planar_tx,FMM,11,FREEZE,1.5,PL_LABELED_FIELD
planar_tx,FMM,12,FREEZE,2.0,PL_LABELED_FIELD
planar_tx,FMM,13,FREEZE,2.0,PL_LABELED_FIELD
planar_tx,FMM,14,FREEZE,3.092095604553604,PL_LABELED_FIELD
planar_tx,FMM,15,FREEZE,3.092095604553604,PL_LABELED_FIELD
planar_tx,FMM,16,FREEZE,3.1005102608064026,PL_LABELED_FIELD
planar_tx,FMM,17,FREEZE,3.1005102608064026,PL_LABELED_FIELD
planar_tx,MMP_EXACT,0,MERGE:east|north,0.0,PL_LABELED_FIELD
planar_tx,MMP_EXACT,1,MERGE:east|south,0.0,PL_LABELED_FIELD
planar_tx,MMP_EXACT,2,MERGE:east|west,0.0,PL_LABELED_FIELD
planar_tx,MMP_EXACT,3,MERGE:south|west,0.0,PL_LABELED_FIELD
planar_tx,MMP_EXACT,4,MERGE:north|west,0.24999999999999992,PL_LABELED_FIELD
planar_tx,MMP_EXACT,5,FREEZE,0.49999999999999983,PL_LABELED_FIELD
planar_tx,MMP_EXACT,6,FREEZE,0.49999999999999983,PL_LABELED_FIELD
planar_tx,MMP_EXACT,7,BOUNDARY,0.4999999999999999,PL_LABELED_FIELD
planar_tx,MMP_EXACT,8,FREEZE,0.9999999999999998,PL_LABELED_FIELD
planar_tx,MMP_EXACT,9,FREEZE,0.9999999999999998,PL_LABELED_FIELD
planar_tx,MMP_EXACT,10,FREEZE,1.4999999999999996,PL_LABELED_FIELD
planar_tx,MMP_EXACT,11,FREEZE,1.4999999999999996,PL_LABELED_FIELD
planar_tx,MMP_EXACT,12,FREEZE,1.9999999999999993,PL_LABELED_FIELD
planar_tx,MMP_EXACT,13,FREEZE,1.9999999999999993,PL_LABELED_FIELD
planar_tx,MMP_EXACT,14,FREEZE,3.041381265149109,PL_LABELED_FIELD
planar_tx,MMP_EXACT,15,FREEZE,3.041381265149109,PL_LABELED_FIELD
planar_tx,MMP_EXACT,16,FREEZE,3.041381265149109,PL_LABELED_FIELD
planar_tx,MMP_EXACT,17,FREEZE,3.041381265149109,PL_LABELED_FIELD
concave_owner,CURRENT_RAIL_CHART,0,MERGE:boundary_0|boundary_1,0.0,PL_LABELED_FIELD
concave_owner,CURRENT_RAIL_CHART,1,MERGE:boundary_0|boundary_7,0.0,PL_LABELED_FIELD
concave_owner,CURRENT_RAIL_CHART,2,MERGE:boundary_1|boundary_2,0.0,PL_LABELED_FIELD
concave_owner,CURRENT_RAIL_CHART,3,MERGE:boundary_2|boundary_3,0.0,PL_LABELED_FIELD
concave_owner,CURRENT_RAIL_CHART,4,MERGE:boundary_3|boundary_4,0.0,PL_LABELED_FIELD
concave_owner,CURRENT_RAIL_CHART,5,MERGE:boundary_4|boundary_5,0.0,PL_LABELED_FIELD
concave_owner,CURRENT_RAIL_CHART,6,MERGE:boundary_5|boundary_6,0.0,PL_LABELED_FIELD
concave_owner,CURRENT_RAIL_CHART,7,MERGE:boundary_6|boundary_7,0.0,PL_LABELED_FIELD
concave_owner,CURRENT_RAIL_CHART,8,MERGE:boundary_4|boundary_7,0.4999999999999997,PL_LABELED_FIELD
concave_owner,CURRENT_RAIL_CHART,9,MERGE:boundary_5|boundary_7,0.4999999999999997,PL_LABELED_FIELD
concave_owner,CURRENT_RAIL_CHART,10,FREEZE,0.49999999999999983,PL_LABELED_FIELD
concave_owner,CURRENT_RAIL_CHART,11,FREEZE,0.4999999999999999,PL_LABELED_FIELD
concave_owner,CURRENT_RAIL_CHART,12,FREEZE,0.4999999999999999,PL_LABELED_FIELD
concave_owner,CURRENT_RAIL_CHART,13,FREEZE,0.5,PL_LABELED_FIELD
concave_owner,CURRENT_RAIL_CHART,14,MERGE:boundary_1|boundary_3,0.5,PL_LABELED_FIELD
concave_owner,CURRENT_RAIL_CHART,15,FREEZE,1.0,PL_LABELED_FIELD
concave_owner,CURRENT_RAIL_CHART,16,FREEZE,1.0,PL_LABELED_FIELD
concave_owner,CURRENT_RAIL_CHART,17,MERGE:boundary_0|boundary_3,1.2499999999999987,PL_LABELED_FIELD
concave_owner,CURRENT_RAIL_CHART,18,MERGE:boundary_0|boundary_4,1.2499999999999991,PL_LABELED_FIELD
concave_owner,CURRENT_RAIL_CHART,19,MERGE:boundary_0|boundary_5,1.2499999999999996,PL_LABELED_FIELD
concave_owner,CURRENT_RAIL_CHART,20,FREEZE,1.499999999999999,PL_LABELED_FIELD
concave_owner,HEAT,0,MERGE:boundary_0|boundary_1,0.0,PL_LABELED_FIELD
concave_owner,HEAT,1,MERGE:boundary_0|boundary_7,0.0,PL_LABELED_FIELD
concave_owner,HEAT,2,MERGE:boundary_1|boundary_2,0.0,PL_LABELED_FIELD
concave_owner,HEAT,3,MERGE:boundary_2|boundary_3,0.0,PL_LABELED_FIELD
concave_owner,HEAT,4,MERGE:boundary_3|boundary_4,0.0,PL_LABELED_FIELD
concave_owner,HEAT,5,MERGE:boundary_4|boundary_5,0.0,PL_LABELED_FIELD
concave_owner,HEAT,6,MERGE:boundary_5|boundary_6,0.0,PL_LABELED_FIELD
concave_owner,HEAT,7,MERGE:boundary_6|boundary_7,0.0,PL_LABELED_FIELD
concave_owner,HEAT,8,MERGE:boundary_1|boundary_3,0.3916871025459516,PL_LABELED_FIELD
concave_owner,HEAT,9,MERGE:boundary_5|boundary_7,0.3916871029570863,PL_LABELED_FIELD
concave_owner,HEAT,10,MERGE:boundary_4|boundary_7,0.3999628212883226,PL_LABELED_FIELD
concave_owner,HEAT,11,FREEZE,0.43763283674539544,PL_LABELED_FIELD
concave_owner,HEAT,12,FREEZE,0.4376328368633917,PL_LABELED_FIELD
concave_owner,HEAT,13,MERGE:boundary_0|boundary_4,1.1022945967555335,PL_LABELED_FIELD
concave_owner,HEAT,14,MERGE:boundary_0|boundary_3,1.1552842610878886,PL_LABELED_FIELD
concave_owner,HEAT,15,FREEZE,1.3470866197011622,PL_LABELED_FIELD
concave_owner,HEAT,16,FREEZE,1.3470866198173799,PL_LABELED_FIELD
concave_owner,HEAT,17,FREEZE,1.387796674232594,PL_LABELED_FIELD
concave_owner,HEAT,18,FREEZE,1.3877966742787358,PL_LABELED_FIELD
concave_owner,FMM,0,MERGE:boundary_0|boundary_1,0.0,PL_LABELED_FIELD
concave_owner,FMM,1,MERGE:boundary_0|boundary_7,0.0,PL_LABELED_FIELD
concave_owner,FMM,2,MERGE:boundary_1|boundary_2,0.0,PL_LABELED_FIELD
concave_owner,FMM,3,MERGE:boundary_2|boundary_3,0.0,PL_LABELED_FIELD
concave_owner,FMM,4,MERGE:boundary_3|boundary_4,0.0,PL_LABELED_FIELD
concave_owner,FMM,5,MERGE:boundary_4|boundary_5,0.0,PL_LABELED_FIELD
concave_owner,FMM,6,MERGE:boundary_5|boundary_6,0.0,PL_LABELED_FIELD
concave_owner,FMM,7,MERGE:boundary_6|boundary_7,0.0,PL_LABELED_FIELD
concave_owner,FMM,8,FREEZE,0.5,PL_LABELED_FIELD
concave_owner,FMM,9,FREEZE,0.5,PL_LABELED_FIELD
concave_owner,FMM,10,FREEZE,0.5,PL_LABELED_FIELD
concave_owner,FMM,11,FREEZE,0.5,PL_LABELED_FIELD
concave_owner,FMM,12,MERGE:boundary_1|boundary_3,0.5,PL_LABELED_FIELD
concave_owner,FMM,13,MERGE:boundary_4|boundary_7,0.5,PL_LABELED_FIELD
concave_owner,FMM,14,MERGE:boundary_5|boundary_7,0.5,PL_LABELED_FIELD
concave_owner,FMM,15,FREEZE,1.0,PL_LABELED_FIELD
concave_owner,FMM,16,FREEZE,1.0,PL_LABELED_FIELD
concave_owner,FMM,17,MERGE:boundary_0|boundary_3,1.25,PL_LABELED_FIELD
concave_owner,FMM,18,MERGE:boundary_0|boundary_4,1.25,PL_LABELED_FIELD
concave_owner,FMM,19,FREEZE,1.5,PL_LABELED_FIELD
concave_owner,MMP_EXACT,0,MERGE:boundary_0|boundary_1,0.0,PL_LABELED_FIELD
concave_owner,MMP_EXACT,1,MERGE:boundary_0|boundary_7,0.0,PL_LABELED_FIELD
concave_owner,MMP_EXACT,2,MERGE:boundary_1|boundary_2,0.0,PL_LABELED_FIELD
concave_owner,MMP_EXACT,3,MERGE:boundary_2|boundary_3,0.0,PL_LABELED_FIELD
concave_owner,MMP_EXACT,4,MERGE:boundary_3|boundary_4,0.0,PL_LABELED_FIELD
concave_owner,MMP_EXACT,5,MERGE:boundary_4|boundary_5,0.0,PL_LABELED_FIELD
concave_owner,MMP_EXACT,6,MERGE:boundary_5|boundary_6,0.0,PL_LABELED_FIELD
concave_owner,MMP_EXACT,7,MERGE:boundary_6|boundary_7,0.0,PL_LABELED_FIELD
concave_owner,MMP_EXACT,8,FREEZE,0.49999999999999983,PL_LABELED_FIELD
concave_owner,MMP_EXACT,9,FREEZE,0.49999999999999983,PL_LABELED_FIELD
concave_owner,MMP_EXACT,10,FREEZE,0.4999999999999999,PL_LABELED_FIELD
concave_owner,MMP_EXACT,11,FREEZE,0.4999999999999999,PL_LABELED_FIELD
concave_owner,MMP_EXACT,12,MERGE:boundary_1|boundary_3,0.4999999999999999,PL_LABELED_FIELD
concave_owner,MMP_EXACT,13,MERGE:boundary_4|boundary_7,0.4999999999999999,PL_LABELED_FIELD
concave_owner,MMP_EXACT,14,MERGE:boundary_5|boundary_7,0.4999999999999999,PL_LABELED_FIELD
concave_owner,MMP_EXACT,15,FREEZE,0.9999999999999998,PL_LABELED_FIELD
concave_owner,MMP_EXACT,16,FREEZE,0.9999999999999998,PL_LABELED_FIELD
concave_owner,MMP_EXACT,17,MERGE:boundary_0|boundary_3,1.2499999999999998,PL_LABELED_FIELD
concave_owner,MMP_EXACT,18,MERGE:boundary_0|boundary_4,1.2499999999999998,PL_LABELED_FIELD
concave_owner,MMP_EXACT,19,FREEZE,1.4999999999999998,PL_LABELED_FIELD
concave_owner,STRAIGHT_SKELETON_2D,0,SKELETON_NODE,0.75,STRAIGHT_SKELETON_NATIVE
concave_owner,STRAIGHT_SKELETON_2D,1,SKELETON_NODE,0.75,STRAIGHT_SKELETON_NATIVE
concave_owner,STRAIGHT_SKELETON_2D,2,SKELETON_NODE,0.75,STRAIGHT_SKELETON_NATIVE
concave_owner,STRAIGHT_SKELETON_2D,3,SKELETON_NODE,0.75,STRAIGHT_SKELETON_NATIVE
concave_owner,STRAIGHT_SKELETON_2D,4,SKELETON_NODE,1.5,STRAIGHT_SKELETON_NATIVE
concave_owner,STRAIGHT_SKELETON_2D,5,SKELETON_NODE,1.5,STRAIGHT_SKELETON_NATIVE
cylinder_one_seam,CURRENT_RAIL_CHART,0,BOUNDARY,0.26105238444010304,PL_LABELED_FIELD
cylinder_one_seam,CURRENT_RAIL_CHART,1,FREEZE,3.1326286132812386,PL_LABELED_FIELD
cylinder_one_seam,CURRENT_RAIL_CHART,0,DAM,0.26105238444010315,CURRENT_RAIL_NATIVE
cylinder_one_seam,CURRENT_RAIL_CHART,1,DAM,0.261052384440104,CURRENT_RAIL_NATIVE
cylinder_one_seam,CURRENT_RAIL_CHART,2,DAM,0.26105238444010315,CURRENT_RAIL_NATIVE
cylinder_one_seam,CURRENT_RAIL_CHART,3,DAM,0.261052384440104,CURRENT_RAIL_NATIVE
cylinder_one_seam,HEAT,0,BOUNDARY,0.17153346011139536,PL_LABELED_FIELD
cylinder_one_seam,HEAT,1,FREEZE,3.0580537302878383,PL_LABELED_FIELD
cylinder_one_seam,HEAT,2,FREEZE,3.0626130174048956,PL_LABELED_FIELD
cylinder_one_seam,FMM,0,BOUNDARY,0.26105238444010315,PL_LABELED_FIELD
cylinder_one_seam,FMM,1,FREEZE,3.132628613281238,PL_LABELED_FIELD
cylinder_one_seam,MMP_EXACT,0,BOUNDARY,0.26105238444010315,PL_LABELED_FIELD
cylinder_one_seam,MMP_EXACT,1,FREEZE,3.132628613281237,PL_LABELED_FIELD
half_sphere,CURRENT_RAIL_CHART,0,BOUNDARY,0.2610386948327964,PL_LABELED_FIELD
half_sphere,CURRENT_RAIL_CHART,1,FREEZE,1.5679193089771413,PL_LABELED_FIELD
half_sphere,CURRENT_RAIL_CHART,0,DAM,0.08066962321409396,CURRENT_RAIL_NATIVE
half_sphere,CURRENT_RAIL_CHART,1,DAM,0.08066962321409424,CURRENT_RAIL_NATIVE
half_sphere,CURRENT_RAIL_CHART,2,DAM,0.15344274164967772,CURRENT_RAIL_NATIVE
half_sphere,CURRENT_RAIL_CHART,3,DAM,0.15344274164967822,CURRENT_RAIL_NATIVE
half_sphere,CURRENT_RAIL_CHART,4,DAM,0.21119581543414553,CURRENT_RAIL_NATIVE
half_sphere,CURRENT_RAIL_CHART,5,DAM,0.21119581543414626,CURRENT_RAIL_NATIVE
half_sphere,CURRENT_RAIL_CHART,6,DAM,0.24827557131614766,CURRENT_RAIL_NATIVE
half_sphere,CURRENT_RAIL_CHART,7,DAM,0.24827557131614847,CURRENT_RAIL_NATIVE
half_sphere,CURRENT_RAIL_CHART,8,DAM,0.26105238444010315,CURRENT_RAIL_NATIVE
half_sphere,CURRENT_RAIL_CHART,9,DAM,0.261052384440104,CURRENT_RAIL_NATIVE
half_sphere,HEAT,0,BOUNDARY,0.20869764716289585,PL_LABELED_FIELD
half_sphere,HEAT,1,FREEZE,1.5662432918727873,PL_LABELED_FIELD
half_sphere,HEAT,2,FREEZE,1.5662432918727878,PL_LABELED_FIELD
half_sphere,HEAT,3,FREEZE,1.5662432918727878,PL_LABELED_FIELD
half_sphere,HEAT,4,FREEZE,1.566243291872788,PL_LABELED_FIELD
half_sphere,HEAT,5,FREEZE,1.5662432918727882,PL_LABELED_FIELD
half_sphere,HEAT,6,FREEZE,1.5662432918727887,PL_LABELED_FIELD
half_sphere,FMM,0,BOUNDARY,0.26105238444010315,PL_LABELED_FIELD
half_sphere,FMM,1,FREEZE,1.5691819145568986,PL_LABELED_FIELD
half_sphere,MMP_EXACT,0,BOUNDARY,0.2610523844401031,PL_LABELED_FIELD
half_sphere,MMP_EXACT,1,FREEZE,1.5679193089771404,PL_LABELED_FIELD
close_parallel_sheets,CURRENT_RAIL_CHART,0,BOUNDARY,0.5,PL_LABELED_FIELD
close_parallel_sheets,CURRENT_RAIL_CHART,1,FREEZE,2.0,PL_LABELED_FIELD
close_parallel_sheets,CURRENT_RAIL_CHART,2,FREEZE,2.0,PL_LABELED_FIELD
close_parallel_sheets,CURRENT_RAIL_CHART,0,ALPHA,2.1,CURRENT_RAIL_NATIVE
close_parallel_sheets,CURRENT_RAIL_CHART,1,ALPHA,2.1,CURRENT_RAIL_NATIVE
close_parallel_sheets,CURRENT_RAIL_CHART,2,ALPHA,2.1,CURRENT_RAIL_NATIVE
close_parallel_sheets,CURRENT_RAIL_CHART,3,ALPHA,2.1,CURRENT_RAIL_NATIVE
close_parallel_sheets,HEAT,0,BOUNDARY,0.3249641100175684,PL_LABELED_FIELD
close_parallel_sheets,HEAT,1,FREEZE,1.8115688205732492,PL_LABELED_FIELD
close_parallel_sheets,HEAT,2,FREEZE,1.8115688221649846,PL_LABELED_FIELD
close_parallel_sheets,HEAT,3,FREEZE,1.8455940824764672,PL_LABELED_FIELD
close_parallel_sheets,HEAT,4,FREEZE,1.8455940831414313,PL_LABELED_FIELD
close_parallel_sheets,FMM,0,BOUNDARY,0.5,PL_LABELED_FIELD
close_parallel_sheets,FMM,1,FREEZE,2.0,PL_LABELED_FIELD
close_parallel_sheets,FMM,2,FREEZE,2.0,PL_LABELED_FIELD
close_parallel_sheets,MMP_EXACT,0,BOUNDARY,0.49999999999999983,PL_LABELED_FIELD
close_parallel_sheets,MMP_EXACT,1,FREEZE,1.9999999999999996,PL_LABELED_FIELD
close_parallel_sheets,MMP_EXACT,2,FREEZE,1.9999999999999996,PL_LABELED_FIELD
retriangulated_surface/a,CURRENT_RAIL_CHART,0,BOUNDARY,0.2547610047273237,PL_LABELED_FIELD
retriangulated_surface/a,CURRENT_RAIL_CHART,1,FREEZE,2.0380880378185906,PL_LABELED_FIELD
retriangulated_surface/a,CURRENT_RAIL_CHART,2,FREEZE,2.0380880378185915,PL_LABELED_FIELD
retriangulated_surface/a,CURRENT_RAIL_CHART,0,DAM,0.25476100472732377,CURRENT_RAIL_NATIVE
retriangulated_surface/a,CURRENT_RAIL_CHART,1,DAM,0.25476100472732377,CURRENT_RAIL_NATIVE
retriangulated_surface/a,CURRENT_RAIL_CHART,2,DAM,0.25476100472732377,CURRENT_RAIL_NATIVE
retriangulated_surface/a,CURRENT_RAIL_CHART,3,DAM,0.25476100472732377,CURRENT_RAIL_NATIVE
retriangulated_surface/a,HEAT,0,BOUNDARY,0.1931522411723412,PL_LABELED_FIELD
retriangulated_surface/a,HEAT,1,FREEZE,1.8085381807590644,PL_LABELED_FIELD
retriangulated_surface/a,HEAT,2,FREEZE,1.8085381808055288,PL_LABELED_FIELD
retriangulated_surface/a,HEAT,3,FREEZE,1.9079253974656378,PL_LABELED_FIELD
retriangulated_surface/a,HEAT,4,FREEZE,1.9079253978142339,PL_LABELED_FIELD
retriangulated_surface/a,HEAT,5,FREEZE,1.9613393099582468,PL_LABELED_FIELD
retriangulated_surface/a,HEAT,6,FREEZE,1.9613393104719676,PL_LABELED_FIELD
retriangulated_surface/a,FMM,0,BOUNDARY,0.25476100472732377,PL_LABELED_FIELD
retriangulated_surface/a,FMM,1,FREEZE,2.038088037818592,PL_LABELED_FIELD
retriangulated_surface/a,FMM,2,FREEZE,2.038088037818592,PL_LABELED_FIELD
retriangulated_surface/a,MMP_EXACT,0,BOUNDARY,0.25476100472732377,PL_LABELED_FIELD
retriangulated_surface/a,MMP_EXACT,1,FREEZE,2.038088037818591,PL_LABELED_FIELD
retriangulated_surface/a,MMP_EXACT,2,FREEZE,2.038088037818592,PL_LABELED_FIELD
retriangulated_surface/b,CURRENT_RAIL_CHART,0,BOUNDARY,0.25476100472732377,PL_LABELED_FIELD
retriangulated_surface/b,CURRENT_RAIL_CHART,1,FREEZE,2.038088037818592,PL_LABELED_FIELD
retriangulated_surface/b,CURRENT_RAIL_CHART,2,FREEZE,2.0380880378185924,PL_LABELED_FIELD
retriangulated_surface/b,CURRENT_RAIL_CHART,0,DAM,0.25476100472732377,CURRENT_RAIL_NATIVE
retriangulated_surface/b,CURRENT_RAIL_CHART,1,DAM,0.25476100472732377,CURRENT_RAIL_NATIVE
retriangulated_surface/b,CURRENT_RAIL_CHART,2,DAM,0.25476100472732377,CURRENT_RAIL_NATIVE
retriangulated_surface/b,CURRENT_RAIL_CHART,3,DAM,0.25476100472732377,CURRENT_RAIL_NATIVE
retriangulated_surface/b,HEAT,0,BOUNDARY,0.19315224008824394,PL_LABELED_FIELD
retriangulated_surface/b,HEAT,1,FREEZE,1.8085381810156018,PL_LABELED_FIELD
retriangulated_surface/b,HEAT,2,FREEZE,1.808538181475305,PL_LABELED_FIELD
retriangulated_surface/b,HEAT,3,FREEZE,1.9079253977311652,PL_LABELED_FIELD
retriangulated_surface/b,HEAT,4,FREEZE,1.9079253978257038,PL_LABELED_FIELD
retriangulated_surface/b,HEAT,5,FREEZE,1.9613393095145113,PL_LABELED_FIELD
retriangulated_surface/b,HEAT,6,FREEZE,1.9613393103123928,PL_LABELED_FIELD
retriangulated_surface/b,FMM,0,BOUNDARY,0.25476100472732377,PL_LABELED_FIELD
retriangulated_surface/b,FMM,1,FREEZE,2.038088037818592,PL_LABELED_FIELD
retriangulated_surface/b,FMM,2,FREEZE,2.038088037818592,PL_LABELED_FIELD
retriangulated_surface/b,MMP_EXACT,0,BOUNDARY,0.25476100472732377,PL_LABELED_FIELD
retriangulated_surface/b,MMP_EXACT,1,FREEZE,2.038088037818592,PL_LABELED_FIELD
retriangulated_surface/b,MMP_EXACT,2,FREEZE,2.038088037818592,PL_LABELED_FIELD
fold_near_smooth,CURRENT_RAIL_CHART,0,BOUNDARY,0.24999999999999994,PL_LABELED_FIELD
fold_near_smooth,CURRENT_RAIL_CHART,1,FREEZE,2.0,PL_LABELED_FIELD
fold_near_smooth,CURRENT_RAIL_CHART,2,FREEZE,2.0,PL_LABELED_FIELD
fold_near_smooth,CURRENT_RAIL_CHART,0,ALPHA,2.1,CURRENT_RAIL_NATIVE
fold_near_smooth,CURRENT_RAIL_CHART,1,ALPHA,2.1,CURRENT_RAIL_NATIVE
fold_near_smooth,CURRENT_RAIL_CHART,2,DAM,0.25,CURRENT_RAIL_NATIVE
fold_near_smooth,CURRENT_RAIL_CHART,3,ALPHA,2.1,CURRENT_RAIL_NATIVE
fold_near_smooth,CURRENT_RAIL_CHART,4,ALPHA,2.1,CURRENT_RAIL_NATIVE
fold_near_smooth,HEAT,0,BOUNDARY,0.20258736023390744,PL_LABELED_FIELD
fold_near_smooth,HEAT,1,FREEZE,1.795596863991149,PL_LABELED_FIELD
fold_near_smooth,HEAT,2,FREEZE,1.800195690069565,PL_LABELED_FIELD
fold_near_smooth,HEAT,3,FREEZE,1.8552477183187708,PL_LABELED_FIELD
fold_near_smooth,HEAT,4,FREEZE,1.8568561779906472,PL_LABELED_FIELD
fold_near_smooth,HEAT,5,FREEZE,1.8574061619141353,PL_LABELED_FIELD
fold_near_smooth,HEAT,6,FREEZE,1.8674104360618706,PL_LABELED_FIELD
fold_near_smooth,HEAT,7,FREEZE,1.8740653469388244,PL_LABELED_FIELD
fold_near_smooth,HEAT,8,FREEZE,1.879108032926064,PL_LABELED_FIELD
fold_near_smooth,HEAT,9,FREEZE,1.898746458125343,PL_LABELED_FIELD
fold_near_smooth,HEAT,10,FREEZE,1.9002658137173167,PL_LABELED_FIELD
fold_near_smooth,HEAT,11,FREEZE,1.9135755567998805,PL_LABELED_FIELD
fold_near_smooth,HEAT,12,FREEZE,1.9236503275111299,PL_LABELED_FIELD
fold_near_smooth,HEAT,13,FREEZE,1.9273923355407085,PL_LABELED_FIELD
fold_near_smooth,FMM,0,BOUNDARY,0.25,PL_LABELED_FIELD
fold_near_smooth,FMM,1,FREEZE,2.0,PL_LABELED_FIELD
fold_near_smooth,FMM,2,FREEZE,2.0,PL_LABELED_FIELD
fold_near_smooth,MMP_EXACT,0,BOUNDARY,0.24999999999999997,PL_LABELED_FIELD
fold_near_smooth,MMP_EXACT,1,FREEZE,1.9999999999999996,PL_LABELED_FIELD
fold_near_smooth,MMP_EXACT,2,FREEZE,2.0,PL_LABELED_FIELD
